code, datetime
джеки чан, 2025-04-12 14:20:00
шанхай, 2025-04-12 13:30:00
храм неба, 2025-04-12 14:20:00
китайский новый год, 2025-04-12 14:20:00
китайский зодиак, 2025-04-12 15:45:00
запретный город, 2025-04-12 14:40:00
баоцзы, 2025-04-12 16:45:00
маджонг, 2025-04-12 16:45:00
терракотовая армия, 2025-04-12 16:45:00
юэбин, 2025-04-12 18:15:00
мапо тофу, 2025-04-12 18:15:00
нефрит, 2025-04-12 18:15:00
Панда, 2025-04-13 00:00:00
Река_Янцзы, 2025-04-13 00:00:00
Журавль, 2025-04-13 00:00:00
Пион, 2025-04-13 00:00:00
Слива, 2025-04-13 00:00:00
Лотос, 2025-04-13 00:00:00
Жасмин, 2025-04-13 00:00:00
Хризантема, 2025-04-13 00:00:00
Карп, 2025-04-13 00:00:00
test1, 2025-04-02 19:55:00